metric,unit,optimized_b200,baseline_b200,h200,optimized_vs_baseline_absolute_delta,optimized_vs_baseline_relative_change_percent,optimized_vs_baseline_time_reduction_percent,optimized_vs_baseline_speedup_ratio,optimized_vs_baseline_accuracy_delta_pp,optimized_vs_h200_absolute_delta,optimized_vs_h200_relative_change_percent,optimized_vs_h200_time_reduction_percent,optimized_vs_h200_speedup_ratio,optimized_vs_h200_accuracy_delta_pp
normal_step_mean_s,seconds,72.78042110101158,102.19824193019262,105.5753931936244,-29.41782082918104,-28.785055665903858,28.785055665903858,1.404199651281932,,-32.79497209261281,-31.06308307321869,31.06308307321869,1.4506015710886975,
normal_step_median_s,seconds,72.65334177017212,102.28733503818512,104.97268974781036,-29.633993268013,-28.971322067341244,28.971322067341244,1.4078820401923928,,-32.319347977638245,-30.78833938168417,30.78833938168417,1.4448432403821923,
normal_generate_mean_s,seconds,31.2929350453923,30.84741199688173,27.884004952482215,0.445523048510573,1.4442801508133263,-1.4442801508133263,0.9857628232102769,,3.4089300929100865,12.22539623959802,-12.22539623959802,0.891063906662471,
normal_update_mean_s,seconds,41.418579546218744,71.27990239900602,77.62640015871872,-29.861322852787275,-41.89304677443509,41.89304677443509,1.7209644362493215,,-36.20782061249998,-46.643694076329325,46.643694076329325,1.8741927175966016,
summed_retained_step_hours,hours,37.35257239712609,51.563192270861734,54.139575250082544,-14.210619873735645,-27.559620046577372,27.559620046577372,1.3804455479705866,,-16.787002852956455,-31.00689795849638,31.00689795849638,1.4494202614609764,
launcher_wall_hours_including_smoke,hours,37.63527777777778,51.83861111111111,,-14.203333333333333,-27.39913942310268,27.39913942310268,1.377394141135312,,,,,,
total_training_response_tokens,tokens,436303728,436568929,436936505,-265201,-0.060746650158427506,,,,-632777,-0.14482127099908482,,,
mean_training_response_tokens,tokens_per_step,250893.46060954573,251045.96262219668,251257.33467510063,-152.50201265094802,-0.060746650158416404,,,,-363.8740655549045,-0.14482127099908482,,,
total_normal_response_tokens,tokens,427319876,427366085,427717195,-46209,-0.010812509841529039,,,,-397319,-0.09289292192239396,,,
mean_normal_response_tokens,tokens_per_normal_step,250774.5751173709,250801.69307511736,251007.74354460093,-27.117957746464526,-0.010812509841529039,,,,-233.16842723003356,-0.09289292192238285,,,
retained_step_gpu_hours,gpu_hours,298.8205791770087,412.50553816689387,216.55830100033018,-113.68495898988516,-27.559620046577372,,,,82.26227817667854,37.98620408300724,,,
launcher_allocated_gpu_hours,gpu_hours,301.08222222222224,414.7088888888889,,-113.62666666666667,-27.39913942310268,,,,,,,,
math_mean_at_16,percent,79.4125,79.53750000000001,79.03750000000001,-0.12500000000000844,-0.15715857300017122,,,-0.12500000000000844,0.374999999999992,0.4744583267436209,,,0.374999999999992
aime24_mean_at_16,percent,13.750000000000002,14.166666666666666,13.125,-0.4166666666666652,-2.941176470588225,,,-0.4166666666666652,0.6250000000000006,4.761904761904767,,,0.6250000000000006
aime25_mean_at_16,percent,18.125,17.916666666666668,19.166666666666668,0.2083333333333326,1.1627906976744207,,,0.2083333333333326,-1.0416666666666685,-5.434782608695665,,,-1.0416666666666685
macro_mean,percent,37.09583333333333,37.206944444444446,37.109722222222224,-0.11111111111111183,-0.2986300347157411,,,-0.11111111111111183,-0.01388888888889106,-0.03742655039485898,,,-0.01388888888889106
