benchmark,question_index,input_sha256,samples,correct,mean_accuracy
math,0,7410ccda43b681d86fb9cad2cbc7140a12efee3dd3bc7e5c2d0a759946b81f0f,16,16.0,1.0
math,1,6b3256c7d9a4db944dd67af1bfd916896015ef84f72c3b39c452477abdeffd59,16,16.0,1.0
math,2,7c55076072abf255035f0091094f1722b31018ed081033f91925894c21690a7a,16,16.0,1.0
math,3,919767dd70c5e951b05d9d956d7e85499adf1a7afaff5900672a047b96b73d08,16,16.0,1.0
math,4,d8daedf55cae396eaa64443aa4168744fcfa0b8c44f859f09efbf33a2a04e3c6,16,16.0,1.0
math,5,671481c9921d0463a652199c87e20a34afaa8f9fe4490e3c16111099b06e0d67,16,16.0,1.0
math,6,2ca6f56bb9f29a66284f13fd5c9238736fa5e6d761a6806b612a569a1477fe8f,16,16.0,1.0
math,7,4a1e9628ea240b60f788d81fb8bb811c9ada097696593a848ffd7d035deacf4f,16,15.0,0.9375
math,8,24a1330bb61e737b92783b89cf0fc1b89c0d3b775e46d902a7d69f523e478a41,16,16.0,1.0
math,9,b225e312a56583b7a186bb3fc987bbccb3e90d3a112a485b3067adf20a8af7ba,16,1.0,0.0625
math,10,7b1ae58cfda4bb4c69be1e902b4dd651c538b0f8b241f41ca45eaf1bb0801fc6,16,14.0,0.875
math,11,5f1f2bb44d61a807d6e306a8cf3463c8c904b18e3a9e59085b3f19fa3545ff9d,16,1.0,0.0625
math,12,4c4b0cbf69e2d8718a6dcc5bd4c8a533d8000beac5c2f7fe0d6faaf9b8e27f4d,16,15.0,0.9375
math,13,ae54d5fae85d47c968eacec3b9e6aed44503d4b94ffcf662e5c2aa26315c2c60,16,16.0,1.0
math,14,15d7837fa7e5024e56249c2460adc97c0ab4b275926cf90fba7a89eadeabea9a,16,11.0,0.6875
math,15,18dab73cffabeecac8dc24a51beddd21eb076339363fcfbf1638ff4976b401d0,16,12.0,0.75
math,16,0b8501feac094531e4abc09929626a236bef2ce1adfee03a61bd72213ab9db64,16,16.0,1.0
math,17,5a0ea2c142a65ba9c11b5d123b32ff7e066d545632d5d6c42e6b059e5a3c4d53,16,13.0,0.8125
math,18,d322378958a8fb766a596019b95fbb02612d7cbe1fa889fee0cf5ef0f6e5eb08,16,8.0,0.5
math,19,17de8f96e34613e83b4d3d909cbd3fa4c3498e7f2ba4b125d247a862e445ba5b,16,15.0,0.9375
math,20,f81862a6b6c674c3750b105ff6aba31bcf173cd2446706bf05411953923be277,16,16.0,1.0
math,21,5a9b9cd04ddb9fbaa1ce9582cab2d6faaf48e4e3a6e8ea48b723278f5f389bcb,16,15.0,0.9375
math,22,fd006b906809c55e9dd936429c1867ed58c3c08160630cd0933e1446c4442d26,16,16.0,1.0
math,23,81f9d36341ed91d4a079672b52df63c615a49518a1958917d60a07252d85c6b7,16,16.0,1.0
math,24,9ec74aa27f38c642a5ef143fdd0fb71ec6241e525a41d43175bd3e69402f1390,16,16.0,1.0
math,25,611f4b25cf44a22f322cad2938b042b458d48f4580bdd693f2b0ccdf1bb38b84,16,3.0,0.1875
math,26,30e0acd5f9edec3704e117a737019964fac0fd0eef3f5f68b532edc648511c27,16,6.0,0.375
math,27,45fa89c20c73c6189e351312e8d51494a160d50ea744de06e1d8ebd10f19bba2,16,15.0,0.9375
math,28,46b3fe6877441fea47b899d63271c972efe788ec087a76dbcda0b7087686b0c0,16,16.0,1.0
math,29,aae1f969f726f24ca4928269659ba31efc6381ac5affebdf8a7e036e15df6073,16,16.0,1.0
math,30,901b74eb41a4db8b6999011888c4d915339a0f0ea2b0e5a3dd03f49db156a893,16,16.0,1.0
math,31,9451eea0dedcaec30b9329d6885f3dde27ef4a005848b8cef3ef07b4348bcb18,16,16.0,1.0
math,32,cbd2542121464a8af1a82e1713e68624924135a55f1d886fd11e9c06f8dfb611,16,11.0,0.6875
math,33,e29e42eaa467d89dacf514b98a5e56d179ce0ff90e15780ed577311355b4c25c,16,13.0,0.8125
math,34,3a55352854fd0c104ee1ada5a10c3dd80032dd6083f4e91597bf5db7b24e76ca,16,16.0,1.0
math,35,5f8586f21ab9d1cef1fdb31f5217a8d28a3b64cf5857cb1ddbdac9e7e57be94b,16,16.0,1.0
math,36,392e5e2593492464bc1a41d22447f340aa3f4fdbd5a740b17e0e8605aef0eabb,16,8.0,0.5
math,37,3c9a564933ee9aa77e0b4c334230ed2418fb027ff7b1b182a6364b9156f7e516,16,16.0,1.0
math,38,025d7d747fdf26cd751e0b70fdb958370b44128c3c61653c040354ba4717d4f7,16,16.0,1.0
math,39,759f1f7bb61ba2145cf6e045dd9a1a5df1e8f04dc9d6dc8921d3ff69c08ac298,16,16.0,1.0
math,40,9c82356a3a4a628515a415f3ab0551809c69b1ed432cbd40bc724679a50509d4,16,16.0,1.0
math,41,78dd6b3d7714ebcf883e21a61c8e884feec0703f5aec5b566f3d43ed4ec27b21,16,16.0,1.0
math,42,2450462eaa2f7eac9920df20b61aad689e9ff5f29d0708346f222ad469110ea7,16,16.0,1.0
math,43,9dfb266c15f0828a649b8a275449d1aab4a99f22dc517a861b6c678e9b93e647,16,1.0,0.0625
math,44,c0f61903e4f70bd209848bf88d848dc523b3dbd3c7f414f5a81c2272eea4965f,16,16.0,1.0
math,45,1fcb281c32a7475c18b9047edc099f46c6176100f715c2fcbba5ca163fb2f31c,16,16.0,1.0
math,46,6fcffe5233fe3a370671cffb8f10009a1b822c47e9c9d716c5ecd2bfad167598,16,16.0,1.0
math,47,9694c284a7d64cf3d7f506cbcd4cb3c8408a57615df9242459e5dbb1b6ecc5e0,16,16.0,1.0
math,48,f595031c0077ac3aeddc6544ea16f24199f6e20645286cc41cba62bcb422bdd1,16,16.0,1.0
math,49,62f3dd8757f52d0ab618962b230e2db4c6c0cf2326327f4b9554df2bb170ccdd,16,16.0,1.0
math,50,89034e827b2f8908cc343d6caba695c7a24254d2430a3aca42fa4eeb7a76d8b0,16,10.0,0.625
math,51,b122f96fef66463faa764f6a31b644b9f949a31c4d814da734affdd434ca4c3d,16,15.0,0.9375
math,52,eac9870f78a81bb86b34982a50fb15fab38c75c173ea1b8c2f33f512e34aca27,16,16.0,1.0
math,53,be4e25186cbfaeeb6dea9b0e4f0ef0db3a073930c9db02ba117cdec3ec38fb82,16,16.0,1.0
math,54,a771afd204b5d948b3088e1a4ff6c5c9d275bc37839767516a4c2014ca2228c8,16,16.0,1.0
math,55,0039ddcabb582c4229dc739d1bb45910b24044e0567ce453a61964bc5accc5f4,16,16.0,1.0
math,56,62e5ad4377873aaf4dd01f874b9e425717791a24e59e2f5d5e520be7072ea336,16,16.0,1.0
math,57,6d129447fad6f7b2c766124291bd8f21e5ecb941b074ef9840f619fd5a3ff1a6,16,16.0,1.0
math,58,e58f1e1582a433a350cbeba318709b72e9bd74d6ebe40bfcc54cadac8bc630dc,16,16.0,1.0
math,59,5116562ea0df58c6a94e3532813809fb2a9f52667f1a9825125f6f6e7822d3cd,16,16.0,1.0
math,60,3d14c089ca15e36c58ab22cba3a64c8563e4d9b7c3024d811643b3550ace95fa,16,3.0,0.1875
math,61,3c09e82d574e05becd8c8965b101435b34e190b58e1b892cb513b9c8fee284f7,16,16.0,1.0
math,62,13e0b49d5d003f95fdad1f89709aa0a2d2ebc5dcbd369d24d495b06f7baf5bfd,16,10.0,0.625
math,63,1535192965596a800f95222afc01d2cb151f2f2f927b6c007a886b3403a4a5b9,16,13.0,0.8125
math,64,37beee28e4ace64c3fa2a3e612ab160c6f727447830f99eaea1a7c192cde7930,16,0.0,0.0
math,65,47fa10c1462b39e1e627468a25a1f440eea834d7c114abc8b74187cbc992e467,16,16.0,1.0
math,66,6163e38c8f78589d9a31440810f67bc2dd4acd8707e3bc6ebaa595cbf8f424bd,16,16.0,1.0
math,67,b8ec21f66c3db1886f2c9b3cd0c97953c2b2143459b03ac161a19cd93d39737f,16,16.0,1.0
math,68,56b85f86350af653a975518dad40a446a45b8fe8df3ebe4e2098773d13b5768c,16,14.0,0.875
math,69,ff462703bab3d36092eef0d0d37a2d9896d62e30923151679d5362f41afe294a,16,15.0,0.9375
math,70,34a84b42f316664ddda3bbdd41527485143422dbca8c82f930357f1cee63d7fb,16,16.0,1.0
math,71,93d065c69057f7f9758c6c6cdbc8fe803842fffa366b81c6796110d578b429f2,16,7.0,0.4375
math,72,081a0387a08cb15406d010a535d97d9bb90bd1ecbc4f10cf75104bdff4bb2cd3,16,16.0,1.0
math,73,9b0ccbce99037051b7416144d7a95d84b20ead5900b19999ef568f927f076f06,16,16.0,1.0
math,74,46112954f9646ed483a25795e136df2dccdbeba47b85d6346e7112a4fbdc8a99,16,16.0,1.0
math,75,8389abb99ef92fca644c4114c7dee72d8b9c7b980f6dce3af6b9a3289bcac181,16,16.0,1.0
math,76,f41bd6880b9d705eabde0cf30effaaf76467074ecfc268c9039dab06347db8a2,16,16.0,1.0
math,77,669820ef8332cdca1af62dfe4a7dc9a5114eb6deb680fa68e1616e339fd20e83,16,16.0,1.0
math,78,4e58f9fe55c906fcf6d022d9bb74d11e69e1e3152fccd7a950ee7785192d2123,16,14.0,0.875
math,79,a9d156bc7a376c1e865d33e896359fa60badbbfc4d6f28a4dc607449af5fe978,16,16.0,1.0
math,80,1f36a9f5218a85fd1258a97296f6b16c6b18e32c0b11d3d89161b0cf1b1e1e1b,16,1.0,0.0625
math,81,ae84535bf9e76450f5c1dcd725514489ad13a88851e570978f3967df3e9e818f,16,16.0,1.0
math,82,690b43d89a95733eea894c9ec03e004a10a09c5652f70ca5ce5a2cfc09032aea,16,11.0,0.6875
math,83,df461c20aa4dd988a09f81ac107f332d75231a901e9db44b92abb22f4f62bb40,16,14.0,0.875
math,84,97f074164e07632133a55227065a738122b88ba2c6ab16424d866f1f9ccd176e,16,16.0,1.0
math,85,3dc31a3a273cc3c02e56cc59a0560b7a7a14f98f2dd27f35d704e7c7120a09c2,16,16.0,1.0
math,86,c4ade38d3d2bc6c845555636754dd9682935b5792850baad2c899cdcc12f7717,16,16.0,1.0
math,87,9cbea883dba4a701ac80e5022a10cfc8c992d4f3510e4e7e4b911fc6de9dae1a,16,16.0,1.0
math,88,c53e0e6ed4eeb8ea3f426792a17245c2436faffb42d9f23ebe9c35ca1eaf164e,16,11.0,0.6875
math,89,55456f104a6f4bbea69f9146db68a9dd5fc7b75361656823c202a74308fdf809,16,10.0,0.625
math,90,fee2f7a455139b2f5342a7a5aca2c85664b8e1e922d7403d438c4404523e4864,16,2.0,0.125
math,91,34075eb8fc0f6e46e08dde3d7b8cd887e20bdf4f6b5bba3262f9f50694f3e86a,16,16.0,1.0
math,92,c6aa1eaa7fbb960b57c69b94113b4fde6ddd91d5d91f540b5eeba9ba570296a3,16,1.0,0.0625
math,93,aabf13cb74d324a650351d724d67aa72db4fee736273b0ca989de18b7d763c4d,16,16.0,1.0
math,94,e9f0f761ed91b72d927f0636db2a1e4df8f572e4a234c385141adb907b63bc45,16,0.0,0.0
math,95,e80392aa07277b8b8114371aaa22eee1f51321a74c5d4a045728aaafb4f0ef8f,16,16.0,1.0
math,96,9c134cc8db8b68d31fc9b17cc5e804fa6fc9cd982c48117bdee8077ab9f5057e,16,0.0,0.0
math,97,765c92c46c6366cf335a983da559484d2fc8a8d7f6487f04a21ef05045136992,16,6.0,0.375
math,98,d6b02b8ac61fac72f2c73213e1e9758090ec7e4b18a992f3bd084bd4944bc33a,16,16.0,1.0
math,99,5f05515cb42a12ff7da8bcfec20f4811d5a406a6d578cd4b176ee8f8006f986b,16,0.0,0.0
math,100,acbb123e9876857b2c08265ec48c32bd7832af5cc18f77479c3d283d8dec1780,16,2.0,0.125
math,101,2f7f9702fbf8afd4886b245282bca81118f2e9e5bb946071a594de6e6fd15a37,16,5.0,0.3125
math,102,cbc83703a96c973c00beb53d809e0c06a3fec3b2407c92a969610f5112a173d0,16,16.0,1.0
math,103,acca11741247b19894de1edc2228a4dd0cf59761eeeac51089a873b04976cee6,16,0.0,0.0
math,104,41b79b0acba464999eb10480f9ca68895816cbedc1a3ccc7b4d3131d2542d0c5,16,4.0,0.25
math,105,2a11bf41577627d99a9c2da89a34d643dd04d125f98f7e97b58d42a1135f3a6b,16,16.0,1.0
math,106,0fa054a486f5de1b17019d7852ba8f11ce7fac96eabc5a1852890f7d0fc12c5e,16,16.0,1.0
math,107,1f0a9ad7219a7e3034b325f569f208f45cb78dbf3d21c39edcb353c38c17cc57,16,16.0,1.0
math,108,a7d0696a9f9d4ca6d557e8c5efbafc8563a552797b32dbe0ba8dadf5c51a28b2,16,15.0,0.9375
math,109,f2c25b66e8d69b2773c49e93d1b936e012f600ecfdd521127a52e74a4c12bc52,16,16.0,1.0
math,110,d25600a8c69a9962d630b125601fbcb08e5d3f2a460729befb5df73e799bee2c,16,0.0,0.0
math,111,bde12cf16877ef10ff9b7314309d44e918bd87f4bdc32470b967d200557dea63,16,16.0,1.0
math,112,c9695409d7bc94411941821b6fda3b852f98a92628a94af2bebe3a27f8731f2f,16,15.0,0.9375
math,113,4efae08f44657c9f52b3f72a7798b508a6de0b55df408172487c843f44762b15,16,16.0,1.0
math,114,048826f8fd3e4e42328835c1db6090129bdd8445be1f0fb9984354daeea5d8ec,16,16.0,1.0
math,115,8db629560581c1c944aab69b8d5039890bdf9bd7247e9ab915cc40d04d941169,16,11.0,0.6875
math,116,347f8efe9aa3ce82ac52dd94e4b67fc93b7002aabe8a5acbafabcd25ae1ee531,16,16.0,1.0
math,117,a42430db85d4dd1b7945939965ab11ee0550d9882e9dd676f19d7748d1475df5,16,16.0,1.0
math,118,a8ababd57ebd0378e7506427f9cb4c349c8cd8530aa129863ded2504e7bcab61,16,10.0,0.625
math,119,fa89d6e346bd892d94100b03ba338b4152a0b477b3d77abfaf2570c8c2511fa0,16,13.0,0.8125
math,120,f8c963c367dc57f6b68e79e8e9f75ddf57e0e9c7fc4078bf30ad10dfcf517439,16,12.0,0.75
math,121,26b1f1e67206f4aba2b445f09ee9455066b7405c72a73474574caa5c6c3e8b09,16,16.0,1.0
math,122,af5c7dfed0f57b3e632bd453be9594ce1542510b006581966b7d5453411bbe93,16,16.0,1.0
math,123,0d4c57142839b76de707a04c9eb1178cd5bfc827c315f646ccac5df137fdb1be,16,16.0,1.0
math,124,6e3037e66d82b13e1e51f05f9286e42968a591caba7824a9518b64df59340a41,16,16.0,1.0
math,125,83701088b1b3fc66b6f2e1279cce64cd26da3d98d9265354db4a5ec5fd8dc6c0,16,16.0,1.0
math,126,5ac1e5b6646bc9ab0a7ef0740c839f2e495f05c467ebd5ebfbbb348367667763,16,5.0,0.3125
math,127,7eb349c9b955e001866e3507fbc897b785c5612acf4a9fed979fa07e05b85e62,16,0.0,0.0
math,128,bf46dd9699ef4894490ee3ae153b0f07f18c6e450f7f4c8775e80ec1d9d088b1,16,14.0,0.875
math,129,692478fb15370864313b71497c8c7189b8b21c94aaee4c2c8c3f7d6eca942846,16,14.0,0.875
math,130,9efcfabe23e92fbab794e79ff50a12ce52d58ad8716330fd7309888de52f8c9d,16,10.0,0.625
math,131,93dcd5f556b2cb04a08a5f2c35dc3265b14903303c155e60069fbc6e34c46efa,16,16.0,1.0
math,132,aed526b97ba427e11c71b270a2e7400326dbbf81d92cc88a18b4a821a2f3d4cc,16,16.0,1.0
math,133,502a9a6d99c980d83b086eea02452552667d2b4020c787d9c0379d907cf19cf7,16,16.0,1.0
math,134,176f87dfa25f128315597907070a889d06c0f13e3cefc5912948521a724f6304,16,14.0,0.875
math,135,15306da2532dde6090bc6bddb88a034c57e07141d52c0ba854e4106ab7d0fcec,16,16.0,1.0
math,136,f820ddbe7873c0c1d92a349426f1ffabc183747e36c6016940a308b5972a19e5,16,15.0,0.9375
math,137,df2d2dfd241d58495a69a9beedfccc2a3aa901a05e50b9b4e6f35284556d9f23,16,16.0,1.0
math,138,df4459e38fd9e50739be237c8f8c0c7b59f3b189f5ff899989b91989c47307ef,16,3.0,0.1875
math,139,721717f5390ac970bc4f2d3fd655dfa38d4a27ead8a16da0810addbdc94fe799,16,16.0,1.0
math,140,23f63a5541a556f8ecb3f4540a543932222d70b5a45cf8e33161aed950b82b2c,16,16.0,1.0
math,141,f6e2203cae901314988a6027c861bbdc74f597af8a7992666c0b485099f5b88a,16,15.0,0.9375
math,142,463e3f090f3f038c2535b9aa9c98afb2e60b8ec62301997d26f7f7d40135e7c2,16,15.0,0.9375
math,143,9b676612111a896219ee6b5b6664d8476a2f720a3e487eaf0e99b5b41d0219da,16,16.0,1.0
math,144,ab54a6aaab24bc9803f2f0ab5c4a008f972874c7f19172cc04292a34fa45ac38,16,16.0,1.0
math,145,2febbf59fd80b7c7205156229e75db0518bcdd954c57e2a524877bd741ad4648,16,5.0,0.3125
math,146,7f20ad43ece51b2abfe74dcb587723856c940b80fb398b433bb1dd05f2df984d,16,16.0,1.0
math,147,26f90ec4cd3f282207f681ee7a849df2d80b34dd380a7d969aa7003db726a347,16,5.0,0.3125
math,148,b3acf66225106fb6ebcb86e275ae68874a5c31dd3d3fe7747760bf6454121822,16,16.0,1.0
math,149,6ee62e642e3b8436037068f1f6f13df32f10a7c76fc8986c2039077a878fa662,16,16.0,1.0
math,150,919cb72d1af3944d4b02f327c208773f9dce17add73239aa0792ae4d4128c255,16,7.0,0.4375
math,151,6afac349ccc9e3d6ca5ec75357e3a18a69d1e0cb20367fc8aa4b0a618aeec508,16,14.0,0.875
math,152,12c1316f4cb08c9156166de2cbaf8f4f0f6752d9e17f0a8c30e5661c0bddbb48,16,14.0,0.875
math,153,743cab7af61b80bd37bc445301a715ad6a2fb85ffdb43e4c2a1803d2a1512d58,16,16.0,1.0
math,154,c39c8ababc90f79360a46ad88ff2ca9bfc79dd440feaab65cd1ca251abd462ae,16,0.0,0.0
math,155,b4dfa10907f777c268388af9bfb0ba02c013835dd448dfc4343cdb7b232be076,16,16.0,1.0
math,156,7ff6d05266fb21685edaeb93d94d17b2ec4d44019369b878ae491e86a41a3a68,16,6.0,0.375
math,157,1b15fc7bc8d6dd12fe3f3fd6af1599706baf49f2234cf909d15585ab79399c23,16,16.0,1.0
math,158,613f319d15b27149439dbe0e0a1d2bef8f72c385e16683ae9460c45e48c9ec5a,16,16.0,1.0
math,159,0e4a01b0f5b996beb4dfe8b2730ac69f26371dfc7da8c10149122beed9c1fc13,16,16.0,1.0
math,160,91739ec481551a65fc208b68eb009b2b71b03dcaa205fe63fde6ae004e1aa007,16,16.0,1.0
math,161,b2d9171be38897be4e2fa23468b4b7627616263687f28de7b4debafcade1b58d,16,16.0,1.0
math,162,9fdd5f66789ef4ff81d58972d8d4a2352226dc0928573c5e33675500e7e24fef,16,16.0,1.0
math,163,332990f3312d59c3cc7c51a5bbb631f93f934414937e2f83844c3eb0d4d2b1cc,16,15.0,0.9375
math,164,a97882b27a7d0c568495b0ddecf62125e9fa2532cdf79645e21cd7dd96058387,16,9.0,0.5625
math,165,dc12306976ee3c650606e1f7785ca7cf0a1a18a3458fcbfd8060c76b181fe69e,16,16.0,1.0
math,166,60a12e31d198fcefee456eea2b6836116ee3682c1befac2fdecbe8bd568f051a,16,0.0,0.0
math,167,557337fae3ec164d9256bfc2f341fc3202d78f218da6930dd7cc564e79ff6a87,16,16.0,1.0
math,168,9f18ee4ed33cd026c8d6ca192b3dd4654a00fd589b6f554568d47616d3d311b9,16,6.0,0.375
math,169,71ae675347fea38e5da0c4a4574e65b1c5a60292cba5b68479596f0a1225eb2c,16,15.0,0.9375
math,170,a29b4c8ee0a751db045b8f88857ba250bc008316615fd8650b5418ed98ddb69a,16,13.0,0.8125
math,171,d285b5d8443f2f5ee91fa9f3c7995a3813516794628c2860e058db9bbcc16268,16,16.0,1.0
math,172,df09f0dced4afa3e1f745c2e984e99aa60a15dbc66665276558d29ef95ad46f9,16,16.0,1.0
math,173,64b4ee6ab06032317bb4c754e8f928f47a61787dd5913429920c14baec03aa20,16,16.0,1.0
math,174,4f156d0a1b1aa79eefa1bc402daf97db087436175155e23ee019244d8ad6623f,16,16.0,1.0
math,175,fd235c5774ea620c33e4b0662a08d599b66bed49c31084430d9603ed41e2f93a,16,16.0,1.0
math,176,556c70d1a8306fbcf97fcc1164aaf9d99c706f97487ddc2a37f015d4c9ee900b,16,16.0,1.0
math,177,737955baf591f4e79dc62cb8bc37126c0a58ce7c9f5148c786069b318bd22803,16,9.0,0.5625
math,178,52621980d280520ff93730a7c395b2218a2efa24b9020f415e1c03279e77c114,16,16.0,1.0
math,179,652cb4d7188b1c45b1c80a604b9e7eaa29b5ba64f8a946d7defbe2113f21a35c,16,16.0,1.0
math,180,72c22bf1881921ffb7047fb02840a98a9d5fc338c294d204685fb95c157562ea,16,14.0,0.875
math,181,c13ecced1593ff0882e4b69f1e6406c9914367921062c1c2a12a4eae34e19f0c,16,16.0,1.0
math,182,46727b46831d6dd8bf951aa02e798f921fd430ae05dee34f27baa750bae193b8,16,16.0,1.0
math,183,c60d344af93010d55f6d848c2ed0d584e12a37564fac4f6f733c3078ac37ee72,16,16.0,1.0
math,184,8b9cff1dff9f75df66f8b343c521173f8f2e351dd2561e4cc244df4c9da2c79a,16,2.0,0.125
math,185,f32bbe3994a434952ffc3040f10c6a3f02a0b5ad669f6dee040be38e4e791c4b,16,16.0,1.0
math,186,5341e51d52ce6f45632d0165a6dd070201ab3ca540552b140456930c23cc1657,16,16.0,1.0
math,187,18f80460fd4dfd3b8be9bd7d9d83d6dbfba3c7f14c8a0b1cfc59391667514f3d,16,16.0,1.0
math,188,f02cdc5e57c7a14bc1b08d4e2615f15fae23abdf6b9fd7a90c7f4cb4e195d243,16,15.0,0.9375
math,189,d26c7999714936e8d47d5825e2df907c016ce0131b3d24d4cbcc56da1097e600,16,8.0,0.5
math,190,56aee1165bdc3d267aa0c6f388c9f378173de88928c4113b1e84075fefe4e5ae,16,15.0,0.9375
math,191,1adc3cd8d13f4df0000f6dc5f64be228be0e1e543bcfb0a2c759b8ebe24ec855,16,16.0,1.0
math,192,29f12ad995f7548b102120d67a75c755ec1ef5d97be2f2fcab5a1651fc0854fc,16,15.0,0.9375
math,193,f05c7c68cb209c6f31c5a1f85b7146dee1f9836a891e971af4f1a6a802bcb5a4,16,16.0,1.0
math,194,10ba8784c5b6bc04f252d6d5b2013de0dba2b6536462743fb1d16d66268bbefe,16,11.0,0.6875
math,195,4c9fafc6003f5ca2db99df11e99f19d70228fa253beab1c950eeafd4d29e926d,16,16.0,1.0
math,196,838c61c1f6049c55e7ff42d8d40c0139aec63d2dd4c8019f580ddc2577931c39,16,16.0,1.0
math,197,2762db4736fea862b932a3922b86ea6c17df421738f29f5899dcbbf51d71fb12,16,16.0,1.0
math,198,7b31f8b0eec343d312c8a9395ea1b3b69d909f188951f57ed129a28792162952,16,0.0,0.0
math,199,7a1e504138610da7c7dceb1ed9149a06f571e709a032468f75852b7a504b8353,16,16.0,1.0
math,200,87c78c59ebdca7514fde4fb7fc34b726c8f488cb0a41e3f0287d38cbc8307e6c,16,16.0,1.0
math,201,9f500457386a68ff2eb6512f7bd8e0d97769bfa78025ac42b76bbe85fd4e7d22,16,16.0,1.0
math,202,b2a7ca69c4ffd5e120fa1e8671d9cd91356566bcdce749ddea4c6ffde5551985,16,15.0,0.9375
math,203,363d85e60362543b819f34f852a2d0fbf71a171a53b73e58d9a13041ddf02224,16,14.0,0.875
math,204,4e66c06ddaff4351cceb540abb0f9d0bcbf9d09b481aa865ecbf902ed2dd245b,16,0.0,0.0
math,205,9637d16f73d468f8d0c2f980cb534046e9e8a23c6d9a79f7e284a81cace9e400,16,16.0,1.0
math,206,79d16e6de40412a0974388f902a59498b6ea53239df7b7915605ab2b84c48b22,16,12.0,0.75
math,207,45ccfedc936440cac23f8605120e8e67ae52a324c2d485bfc2c132ce3250dac3,16,16.0,1.0
math,208,eee8fdf064ee9583d6dd7311b5fbc1d9b41968b2a0fa93e50761f64c56c04144,16,16.0,1.0
math,209,089c747f727539ea76df61a32816b932cdb5f6dd92ac7e1fb0b4904ec6df616e,16,16.0,1.0
math,210,055290367e8fdec680c02d716a7ec30e367575b1d63a83b98777c3862356e4a8,16,11.0,0.6875
math,211,bea276f63616f48aaadc6302cdedeaf4de1afe4d541eca86361a75f074fd5869,16,16.0,1.0
math,212,fa4ba0e1202493b721b0bbaea7f83fa2b49a28306f1baa07db156a93e3d4bd04,16,16.0,1.0
math,213,964506ebb7abc9053e6117d91a92ba7191ec4f631f898e35a6ef9d3ad3089698,16,13.0,0.8125
math,214,77fc8bbd011e60461ad38c71111b2f6c68c70269c9faf19f814009bde0a84ba6,16,11.0,0.6875
math,215,309af80146e6af3315a893cf27ca2cc51742cf1378ed9d10a3f765352f003421,16,16.0,1.0
math,216,bfbcc9b7d966a20e0094b0928024260b3c795c5e0d577ccf8ff172957b1bfeb7,16,16.0,1.0
math,217,2d3741bddaca7cb8c5a7b2c87db8114a8376f5f30bd55b6d4fd1eb81adeec7fa,16,0.0,0.0
math,218,91ba5d59b205a34e3bda20ef5d993a2d2d5ae930d7d0e23fdbeead14c977633c,16,16.0,1.0
math,219,d126dfa76074550a325fb19f724f1d4f2bf50d8e32f5f31f69b4ecf5ab3a2b07,16,6.0,0.375
math,220,4a991decf5549895689353f1a24317b27de9c0662400a379dacb81e0df287676,16,16.0,1.0
math,221,e1d9114d5fd3fe360ac43dacbf44b2264307ea7ac660cf7998c067ba1e81d984,16,16.0,1.0
math,222,1e955415a8ef98a741cf24c03013a2e8ece50eff9e3846f76f5cd3a08c11d73c,16,5.0,0.3125
math,223,3384ce8fb53a43502619a43660141b56751b94f11b5e7def304a7308f560a4a0,16,16.0,1.0
math,224,02e1366418176b19e3b289c95d9514d538f3d24c7b54b95670b20ac967b86c98,16,11.0,0.6875
math,225,d4b2357d0f62e448ea64a9cbb591bd2d03c9864fea82ea8544fe613686079a9f,16,16.0,1.0
math,226,a306ca434bc9c0e69c5e58c28b43a3e115a5ff34641cf39ce169d489e066755e,16,16.0,1.0
math,227,961fca8f2c87dbc9b8600d5b143508f7a6fc5871f69cb966ee5b396a5cceb206,16,0.0,0.0
math,228,309aad0786507903ce5e48a1faeba91a9dc852c23a2d6aae03fbfb176ba76272,16,5.0,0.3125
math,229,63390833a3c6b90a7f0c092be7872feeacaf53cfe12f56cda5533c5405be5204,16,16.0,1.0
math,230,06ceffcde6e56e5b778edc61ac8ed23a14f6e9c7b17c03a93f11157896a3bc30,16,11.0,0.6875
math,231,99bdb281bb9df142cfd575283fccf0b5ceb50855a75c102d7873dae76a1cfadd,16,16.0,1.0
math,232,c50e7c0a9d4bf9c33dcacde8d8761c3f178473d65eaa449a57a1f9bf2de820f5,16,4.0,0.25
math,233,2869c865edc3add6ef87a57384fa5d2d919bde0a50fc6b67d47157c261042bf2,16,16.0,1.0
math,234,af8045bab55a7543fd8da013ca98b2dbac875a6bfae7b69e526ec6987a804b8a,16,15.0,0.9375
math,235,c2b48cb89261e9b3c20f7c1eadb1de6d0e6b99faff9ab3174924cca4c525ee25,16,16.0,1.0
math,236,cf376ee3b88b623895fa5caa409baeb25e1519cb78356a534ac80ff5938bf785,16,11.0,0.6875
math,237,884474c271ab8973ebc15088a446b79c0b0f38d58ef3ce656584a676f277795d,16,15.0,0.9375
math,238,ce76798a91e11bbd699de93a3e6d3bac68f4d29cd116db732cd586a7ed8d88a1,16,16.0,1.0
math,239,af485c037709e5dc1323ad14c1066efb17ee245f652371024083806f56fe98b3,16,2.0,0.125
math,240,e980b0fda15e28d57e11c4ce21e9bce1fd1636bd6597a5f5b4db797fb5b639d7,16,0.0,0.0
math,241,e2124431e530af5e0c3cfe2f61ddf81cb82b2fc658d84ba4f889b232a293a317,16,15.0,0.9375
math,242,999efee19599e9faeae7bcf5fb5bf961af3d38de6eb11aac69211e2c4f845afe,16,1.0,0.0625
math,243,590a8f1ff3c6c1e3a5ce328635bd2cdbce6f4c2169b322a35630da2b2fc7d42c,16,16.0,1.0
math,244,9b925cb7fc519629f913fe867e30ad6e2a2a5ed55512af4ba6c0e0de0bc790bd,16,16.0,1.0
math,245,49f5b522ede32a5751f6416cd68b8a08013dd3686fedd43b631c1cab7b6fe30f,16,14.0,0.875
math,246,6525f2c8d9bbfd41c841cdfec7fe95d2e672f988aec04c6864957886d940c183,16,9.0,0.5625
math,247,9d059c6f324001f7ffa082e9afa1ba46d6b207e147081b7433ad68db72bb2fe4,16,16.0,1.0
math,248,ce8988c1719adbb2947ada923fc3e6e4984d785dd00da91fccd360061df9ea82,16,5.0,0.3125
math,249,a811b06b0bb861ac8e41fa4baf041c2bf31a74117657da67185ed790225c54cd,16,16.0,1.0
math,250,a5f5b461f895a42807cae4e6f9ebb2c9fcd088d16ee8f2d0bb0d9fe1c67daef0,16,16.0,1.0
math,251,ffe7c8fd48498951358948818ec04907ea477cb8ffa5ae838a01c9369fcdab1a,16,15.0,0.9375
math,252,ec895a615b6662964cfad769a4f3bce57034471b39b3e8897c6bca72ae6ed6c2,16,16.0,1.0
math,253,c2c350373be2b5d028a1d9a7796d4bd5426400389897e10199067faaf9d93793,16,16.0,1.0
math,254,acf03e2589f7fd0c279616568f79ecbea033ad36764799caacc1901b2747af8a,16,16.0,1.0
math,255,b9b14f8d803f326d23ae5ee2e340925428714f31ca0277c6b1cf16a629aa1cdf,16,0.0,0.0
math,256,1b216342566c9fc9b669b1a40daae59b04e162218ac497c7156ac6b5f7aa93d6,16,16.0,1.0
math,257,451ac1d16b67f8880f092c9844b4367a291537f06fde5eef957f5f9ca8f3aa9a,16,0.0,0.0
math,258,dd5ec1af084a2dd6766c5c772cb33e86bd2a43eeab5ab476ce13398f621ed300,16,16.0,1.0
math,259,01c33b615c10c0a95261d0cca0d216e8fa8296b7e86314708667cef0e8d58efd,16,16.0,1.0
math,260,82ee56c9c259fb725fa3ab041aaf56d93403c17cdda5571b94b32ce55784d5f3,16,16.0,1.0
math,261,722bb3bffc489bba3dbc9b4bbfc6ec330ebd23c8165e6e8146b993c74f9bdef6,16,16.0,1.0
math,262,d3b0306d215ff4292bb5def08f02debf1f2e54a1daa879b5238af0c821718756,16,16.0,1.0
math,263,931f2dd3739182ac28565699103577c576bc2caeb4b71f5f2614137116314ed5,16,16.0,1.0
math,264,600e3e623a4a3e7f17e3d6d4a4a0b3bbed017b0de02f748ae443f5660608da94,16,0.0,0.0
math,265,107ad4a35e0400e15fc3d0834afd649520a13287d890a7a169adfd4180b4edaa,16,16.0,1.0
math,266,2137730d6279c0f6d2c4128e3df8e83c292e31d214fb5c3ab48029028a976578,16,16.0,1.0
math,267,af76463622f7bb5134545c63471d3ec913874acb70faac670006113014eea99d,16,13.0,0.8125
math,268,0088ddd8b4ac37282f5b2b29427a0d7d8db8eb5f918e5693d0b660755bf89e6d,16,16.0,1.0
math,269,0338f16b35905175787b7eef47887247a5063465dd9ddc4f0b99103edaa3f5cc,16,16.0,1.0
math,270,a5fa519331adca319d9d4ec93f7bb569680c242f5c5c8bb696b29920fca339e3,16,16.0,1.0
math,271,feb9f5e4135cc67d4f5cbef2e97ca3e2078b3f1d7d59feb95a6beba99b5a1913,16,16.0,1.0
math,272,4b354f043e2165647a1814924d9c72e53ca8c048e907e9c0559bcf3960b8ba96,16,16.0,1.0
math,273,5195b37b2c8a16c91e87c9de57ab8dc06a05495d0741a149c1e43d5cb9c43f59,16,16.0,1.0
math,274,49cbef3cca88f2b0bff6bf28d7383bbb100fff3d9ed775f205fa12c1f241930c,16,9.0,0.5625
math,275,d50f43469453eb081b5a8630297b0c4d73d4fcfd35654ddfd7e23b02cfe3b32c,16,16.0,1.0
math,276,32cfb2f5bf98395078750c0cf86e5993a2bfc45ed41d8b41f954db133129ce71,16,11.0,0.6875
math,277,80a13e0ae13dc73fa2234e5093020e9c081b646c585ed1e209d51f58eb3e45e3,16,16.0,1.0
math,278,1d03df7e8a2d69ce374816c6b4a7c8b2bbbe3ad747f2e40b962c4256496a0de4,16,16.0,1.0
math,279,8dbbc3136452f3c53371b106bebef9c0db543f59fc80c99cdd2bb151d91f0db6,16,5.0,0.3125
math,280,8f1fc6b868338aea3f3c931ba371b91d89f3826e8de12fc2dccec3ffcc49c8ac,16,16.0,1.0
math,281,4c08d588f3c25de720290d9c5fe911e2d08dd12389013abf485f0b4d84bfdf04,16,16.0,1.0
math,282,49aaf723b995aaaaebadb872be77ce7b1fbe13523e0b6c8091683ad5cf35ddea,16,16.0,1.0
math,283,9f45671cf4bd6c4e894d407aeb1ca17ef2c36a59318bfd67a49631077e6743c4,16,16.0,1.0
math,284,6a8ee488fa8ef3eb664ad1ffb21c1bcc02ec27847b7bfb856620cccc8d09ed8f,16,0.0,0.0
math,285,ca39f81007f737ea824d5a26249428d0f9f02a70f75c5598db45e296e05dffb4,16,10.0,0.625
math,286,6e3aabce2df469aa6c92419e6ceebba4b80dcfa2594eb45a4e66917b4bd195d3,16,0.0,0.0
math,287,9fe4c0a869c3a7984e3e0377c97b78835adea3164f129e9e7195c927930d3a00,16,16.0,1.0
math,288,4168cc0a3775010c9e1d1ed575fad7b76c9657c8605d7748887a3d5c79a9f6bb,16,10.0,0.625
math,289,d05e2de53b3b03112f80f5f20ae6d15fc03a6d7245c2602d03f2164668fba213,16,16.0,1.0
math,290,47e9778f78f9a06c25c4e0e43925dd171e8ac31ba062ced37b74ef608925f17b,16,16.0,1.0
math,291,e41687cb15582739024dd422c14c048294fe527e792efa712f178162ed582ab6,16,15.0,0.9375
math,292,79dd90d2b038dd9dbdb6fca367005471d31932efd03d09f2023843270bf63b7d,16,7.0,0.4375
math,293,b6e5f9826a142684f090a7fe77344f22f1f2545cb0608eb99efaa0c26468c641,16,16.0,1.0
math,294,b690e20ba702932970c6949b18141b791f6a94f6d3a387f539223202e7821df8,16,13.0,0.8125
math,295,46f86ebaa16aaba9a45d655179143c7a4eb989d75033d1469cb035f0d4fba452,16,9.0,0.5625
math,296,6b995d94f60356ae1d353a29e9cb468a5e0af2da51b33b9a394a8b7ffad186b6,16,0.0,0.0
math,297,799b199fd444c2aefb1ba9d12fa45567468aa21fd0ab3424fee39560539a19e0,16,12.0,0.75
math,298,205215e0b186b737b5ba4d4d0dea5dc32737bab7a6c65fd544d74292fd2ab040,16,16.0,1.0
math,299,efa94bedda49e709087e93b2ade2213d48b213dd656596838e03541168541653,16,16.0,1.0
math,300,c33e8fcb96e60584845a7a694d0850fd1ffcf6cc920aa126c2813a32222699fd,16,16.0,1.0
math,301,180cc42e3f610b55451b93942d80ac34c3934016a1a24bd663d0844fb970321f,16,13.0,0.8125
math,302,c3be081e527614c32b24a6bc8f585881f67cb9b5f89b706fa44a29f2818f92db,16,9.0,0.5625
math,303,5e4f341cdb7625004e2290b18162a39f0f74d550e6721ea6198cfc8e664193eb,16,0.0,0.0
math,304,7cb794a7c99905a5271dd75fa20541e0911b770dcc039deba4c0528d18180ca2,16,16.0,1.0
math,305,8342fb825d105d4848ccefe40dc0a65ac5a9efaca50b0632c700cd50f74a6514,16,16.0,1.0
math,306,ef9206bddd9273bccde0a33b6f57717176d7622992383ee1cb00d051e486fbdc,16,0.0,0.0
math,307,cbf4be5aa9a5ae36d664c2576649001188a643c9031de740eeca9b6cc81d618f,16,14.0,0.875
math,308,8b0d2a59b97b7d1b95a584aeb6de1b6f60e1639c13d3e425dce7a2165f2562de,16,0.0,0.0
math,309,4e62bc73fffaa96b647f691a896d8f0cd50b38626442cc50f087889694352960,16,9.0,0.5625
math,310,3f92aff4e9392498ba928ffcc6923f700caff84de1309d97b25378d745d4f0be,16,16.0,1.0
math,311,f8dfdf86a5aacc4f95a94e4c43f41dab463f0cae0ad18868b2b1eed738809127,16,15.0,0.9375
math,312,5f2c7e81a7b1b44e3d76dc4b7a1608e90a42f6c1de9ebc147bd5632ecd0c6743,16,16.0,1.0
math,313,35fcb6fa7ed48e9a8116bba6a33d88206982033b9a790ba93a5297aacd9dc309,16,12.0,0.75
math,314,717a796287b9329d1e3296c3c0971febf3cc1f021a5175fe473a939ef87b46d7,16,16.0,1.0
math,315,4800092a0953d47dcf5461cff529f0b95c86769a1aba7dfafcd61f5a0673ec4e,16,15.0,0.9375
math,316,39cc2281c98a48503fb87a2cb5418e1054a64e1fef2387c59484a9351e1e4c7d,16,16.0,1.0
math,317,acc9a8f7f92b0051bc35fc460f9408c89a7b6eba7009ab36a2879764fd24b30d,16,14.0,0.875
math,318,0209ae8dd99250e43da7a3a75f61e4cf85ef938e904010b72e82ff68271e1e74,16,16.0,1.0
math,319,881694783c1fde76a4b7d1157c5cd6b609c9dc95ae5f54c3ee50a29e8a75d639,16,16.0,1.0
math,320,d3030841dd45ead3d871d6ce2d7512d83c93ea5557fb422a7db4e5702bd2fd20,16,14.0,0.875
math,321,8a2eb7ab1d911b0911eea7e88d17316b62002bfee6b667fade7875386710d695,16,16.0,1.0
math,322,23e3f3d7b7b281bf71a7e5f6bb05a86034977561056fc95e77046673bd75a28e,16,16.0,1.0
math,323,eedc5342f6fce61ee67ff02eb7f94b84211db27cb73d0deaed2b20a5c3675eff,16,7.0,0.4375
math,324,48234500984625dcb48575515dbd12eec2ba7736918ffa468e42b59ec4d10191,16,4.0,0.25
math,325,83ad3c148b70efeef4f17959410149ae521709d99baebb39ef569978b248e9b2,16,16.0,1.0
math,326,2f61ce85118753bf6599fc99644f7bf356df1a661e1ff906b14575b77521cd87,16,1.0,0.0625
math,327,397cff17c54e76093e3241a5a01f37560326b31583e78b4147a6217c4991a4f9,16,6.0,0.375
math,328,0179c897ff1db9b3af7a1b9eb01275052f8fd65700bdb3b62fa39457bf3182b3,16,15.0,0.9375
math,329,c78caf40a1ca03dfd117b88ccf1e4ee69135482ecc09929e416c5c5e633a6012,16,16.0,1.0
math,330,6530f004449df33818acfa7191913789abaf3523d7596a742b46a4669448fdbc,16,15.0,0.9375
math,331,c683f1fbe019fbe78e390c784b860eac146322977731eff2c4ddd74d3bf5bbcc,16,16.0,1.0
math,332,cf73abea25b845c2e32e4d77b702d9183f3ca80076f020cdcb65788e474c8c4a,16,4.0,0.25
math,333,a78dc725289afb4d71a36dc77a8c91040489d66f423e8e44840d762f05000de2,16,15.0,0.9375
math,334,9c1becbfd0e6eb2d19fd2cdfab1ddbf83bc4ae17aab58bb66a8e91c01d59fbee,16,16.0,1.0
math,335,7359458982664770123ad19f42f8c18f97b4a450697a6b2cdbf5a39e185f2e1b,16,16.0,1.0
math,336,30c6cfbf96e1b223e3d7f3c68fb01731b07d1640216e253263c2ff94c030131b,16,16.0,1.0
math,337,a94280300fb783be65a159dda54322c5d9a2644f2b7f3709bb2945e43b6bd9f2,16,16.0,1.0
math,338,954b3a5de3a2b1e58095fbce4fec50efad5d156387106a255e20b08f8c2cd43f,16,16.0,1.0
math,339,20bdbabcc2050619b83261348eb39a0c660d51fa44faa6d908d40596a3b96dce,16,15.0,0.9375
math,340,44fb47206b03cbeaf8d3b754215968bfe4d07d888ad2c66d4a3321b9a61aa045,16,0.0,0.0
math,341,17fa1cf101480c0e0e91ce7427e8fcee01e5e662ee3b3cff3bac8ec7ad64e590,16,16.0,1.0
math,342,b1d318df429e06548464a997eb194229c39afdff3e7932e59569345fda786d1b,16,16.0,1.0
math,343,139ac754891083e10c9df97f8e2733b1aff2346c1f1aab31ef68ae63da63bea5,16,0.0,0.0
math,344,3bf5b99e4cb3d4d268432fa8d33fc16dfe1f38fa123b15815573aaae9155e56b,16,16.0,1.0
math,345,fc6b47e0b2c3c1c9ca88bb45d5d518e46bd23a82e6ff974c950853eda34e2513,16,16.0,1.0
math,346,b5af996ed4260edb83d33ec96bbc0e67820d5db57d193f46e09a1054c21b7824,16,16.0,1.0
math,347,3eafbcee325825c7b5310bc24f5202b3b9b53d7a9e47a15f25f76e0f4ce4f899,16,15.0,0.9375
math,348,bd878361be8b574c7d64881dc448078f758a808204b75a15dc005ffb9446ccae,16,16.0,1.0
math,349,2403305c104ff50ef9a629f06453b6c3a672830349505b8af7658cbd8ff1d022,16,6.0,0.375
math,350,66844e4e29701c967bc681b9cb5ac9bdc6b0f6237f0f70884a11da19e194a171,16,15.0,0.9375
math,351,9051bf709a42479392dd0c32475f7ecb0690cf03d6ff893447665e5837707b4d,16,14.0,0.875
math,352,8a8bdf85a6e0edd03d23d169e65383eaae372786599e574bf52d1db2e122f468,16,0.0,0.0
math,353,18bd189c622da71553aa5b227598d3663a2aa8ba70f33c1a67c4085713ffe91c,16,16.0,1.0
math,354,a0dda13f148893f611da1fde9b3f7be721c897a8b92a8a0a83e89198eef9f249,16,16.0,1.0
math,355,1d348be624d9d12c5e965156d5d8bf83e8541a6a3ce7d4b0f3c971c5f7a055d7,16,13.0,0.8125
math,356,73a047ce531c239c48e3d9a04daee6e9744a30d265db887b08bbc915c5f17268,16,15.0,0.9375
math,357,a31fe3bb73dd68efceb95cdfba92d44228eecd56ede580bab0888352e86d48d3,16,13.0,0.8125
math,358,1ceb86c5bc36d79c65fabcb66bedc499d04eeee5b011a70766b268e91aeff1bd,16,9.0,0.5625
math,359,3992ce8333b9a2a4362458cf4cb2540f585280d22f8832e99a8d55c7d3933786,16,14.0,0.875
math,360,f80c27d4db7f2fd4fb99732f30cf69fb500e26d839e3f7d66666408e4f784d11,16,16.0,1.0
math,361,6ce07a195a0ebb585e9dcab5564e2b8c04ca76c0338efc62c1029f041aee2776,16,16.0,1.0
math,362,1733cf49e21575f87f45f3ada0568a5701f88cc3729e5541147895a924e5ce86,16,16.0,1.0
math,363,c1c80f6b759230c37e4a4f7a3d4ea054dc3d333be302b59dbbd981bffb8f6aa4,16,16.0,1.0
math,364,055d6683de417470a20a09795d3dc2b41194cf59b8045d131cedf79809748f3c,16,15.0,0.9375
math,365,1467c283a6d770e176bd95ed32446e35c3eb1070cda223a6b6dce1d7a6c400f4,16,9.0,0.5625
math,366,6e69f59c7a0dce965930c99c11c42d8d9974757dbfa0fdad8a610c898c6dbe56,16,16.0,1.0
math,367,90b1c9935685e065e20381f7db13104813538643fdb89394b0d68a145c372a0a,16,16.0,1.0
math,368,69bf0767cef1a20b6d08f62bf283d2f7bb8706919930dc4487b6603967f4acb5,16,16.0,1.0
math,369,644b0e8894646c5ca371a26407179f3a8963dd70314c340273c77e18c0d04d9c,16,11.0,0.6875
math,370,56fd76c7f05fa3269a4e5d3afb78254415c601895240f052b209324216470ba3,16,16.0,1.0
math,371,e7e4c648838c8511ab575e66d63d75433abdc1d7301d88c0b56e037d66f50f05,16,6.0,0.375
math,372,d1b99731f686ca509274e2ca58e317f568fe3c44a86178c0c9a8bfc60355625a,16,5.0,0.3125
math,373,de658b63ea6f5932bcde98751f77f1422fe1fda61e052b3b22c3be9fd131b7c2,16,16.0,1.0
math,374,4b31ca8fe36ec5fec063a34abc16e29666af55490c27250d16c4d34b1769ba61,16,16.0,1.0
math,375,22d57e49fa01cb8c80963abd0d9d28bf912d1ab321c0ab19ab9b54a08de29547,16,16.0,1.0
math,376,66a1dcdb07730dac075a77f2a37903ab0fa052f0fe5fcf6fe4b55c1e5d26a081,16,16.0,1.0
math,377,3f5386ec0cbb48a19dd6a57c8a48ba7497ac7028ddf0178790f7c2c84a020cdb,16,12.0,0.75
math,378,818555a581204565fe2f2ed6782172a3d90820c129aba525d305c278af6571ad,16,16.0,1.0
math,379,fb7a9d4f7eeb21e38e92a91e9667e789492d105bb9e180f9ce8af0e6d38a0bc6,16,0.0,0.0
math,380,010292582d560cf9e6e760f174fb9022c2c7ad88eb6e90fdfea266e8974b575d,16,13.0,0.8125
math,381,305a6eb8110cb3209ad0da305c86f7281a009c2592633d2d7b46816e15dd3a2a,16,4.0,0.25
math,382,e3d63cf8204f663dcbba98507ebe136d977e1f58c840d815309c415f2e12b833,16,13.0,0.8125
math,383,95b2b235d3464cdc8e76061042620cba815a612299c148ee032fa90b25a5065a,16,0.0,0.0
math,384,4118b7a8f703df45299b2ea019b8be9bf1f167063b9f71e84d79015649bf46c8,16,16.0,1.0
math,385,83f47b53cb5ee0cfa02f8ba671476a6b045c7e61734bd2efdc92ed93a9b7f4d3,16,16.0,1.0
math,386,ed8aee2641290d61180da939fb3c6fcdeadcaab11e0021ba20a3d9151de09367,16,16.0,1.0
math,387,febc36074eddb3dfed41f666ad031b92ec4c4a4dbcde0c2acd468fcf7fc2f29e,16,16.0,1.0
math,388,164fd9060631c23e1c753953295e86aab60b95028002828d5fbba86ff14fd40b,16,9.0,0.5625
math,389,318a23bea876e427ac9dcdababe6b2715227d681c0409b548a9d5073a43fe340,16,16.0,1.0
math,390,76ed2fab370e53d168de6c7db8281d286055e90d1a47132a6e3d2b9071893267,16,13.0,0.8125
math,391,6325887d4879407472e24a712fb688304c965e614b1ada1800bdb9b1c757cf7e,16,15.0,0.9375
math,392,e917bd91ab9b0a1dae5d5e4e7b0ed0ccc276853d9b901291bf2bef39b05e706e,16,2.0,0.125
math,393,5b50003c8b48f5cc25b462eaac2409de419773aa5a2a1cf81aca5aba9c682d9a,16,16.0,1.0
math,394,a77b20b4cb0c67401f8053d798c9250b83a1479fd81fbc482ab0495f1f2849e7,16,10.0,0.625
math,395,5a4fe3b22868df27e40a728f6342d5fa37aac80e851769c541340e031467ea63,16,16.0,1.0
math,396,cb7395099151e63f48d6220cbcd6d557dfcf06d08daafbfcbccd033de37d5cf2,16,15.0,0.9375
math,397,e4ea7dcb2c288a189ee42fb9b48dee499db674f9e4752a9e459fff5fe360b518,16,16.0,1.0
math,398,b6bc3cd7ac5c27effb01e8f17aba319109f988ca2ee3216184bd37b8e71a1b49,16,10.0,0.625
math,399,b29f4eb453abb2cb04171e0d97ad5fe234f8968d60ca51623355c2a411156b16,16,16.0,1.0
math,400,5562355750066d578ca08cd1f5b09cfd7537dded1c925a32c5fba94f364ac08a,16,1.0,0.0625
math,401,dd1f2746b53025d7fe1314ceabe319077146b6d15cdf2e312be0f14528871564,16,0.0,0.0
math,402,79174ca3375749dea33fb73659f4da97cfaf0091ca52038f5069b9a30b53da31,16,16.0,1.0
math,403,83225ad98fb08d5060bf55d27eb2049d67f30d19c1dc09cf928468da16751f07,16,6.0,0.375
math,404,ef776f0c8685cfa2decc6d7fa2f1616f76c15793ceba08809b60d63dd117913a,16,16.0,1.0
math,405,f49018ec862fcd34a2187717583811bb2037f4efc4e078f87c7dfcffaaf13858,16,16.0,1.0
math,406,746528bb3cc48f10aff786dc0a3942a79c86e4042354e28bc0a91f2d6f9c4794,16,16.0,1.0
math,407,90671d7a249149e40492e37d5707de7d7663bf1ef8fc991180f994291dd25540,16,16.0,1.0
math,408,e91a35195a26b1eaf361217b329e20e579a609e86f616bce7ae1353238dda24f,16,0.0,0.0
math,409,102132079691e092c1c6c1a750e967f495c8ecf2dfa402df24842ef3c00fddaf,16,16.0,1.0
math,410,cfbb9515fc114ef795787eed237695c3eb6665200cf1c79cdf3be666f97ebfbb,16,16.0,1.0
math,411,2f00f9802645756481353456f793acfea3ee7d7f64b693790760162b30886640,16,16.0,1.0
math,412,44687f1f33559f006e038078f2603e1894c8fd286f406a4c07a31bae145e73d5,16,10.0,0.625
math,413,28beb37884908653c10679ef5afcc1e60b47572699998a2cf1e0527a9ae77b95,16,16.0,1.0
math,414,437e9f11d1aae928a8ece07a245e0c9e01c9f23c4d3b338265b121bfd8710c12,16,16.0,1.0
math,415,48b41616e5433879444fe4545f800066726791cd7ff231a6f3ceddb514ecb88b,16,15.0,0.9375
math,416,fc265f1ebba24c980d1066a2aedfceb86c885c95268edd03860f01ccd27f4726,16,15.0,0.9375
math,417,cedb3c408950bdc27822b2a2fa47018c22b1a9c0a3d8c3e2c2d82b0358289f5b,16,15.0,0.9375
math,418,5c768aa507d8af917bac0536ef9579d7be81fe2f36be8ee6b5bbfb4da66cf207,16,16.0,1.0
math,419,b0dac65cb625aab34f72a5c980ba8dccb7e64a5395fc60cb322bf118c5546e23,16,10.0,0.625
math,420,b37de99ae232977ad920e94bb691e5a41babcd28ceb6cfb178b8ff5a7ce91c3e,16,0.0,0.0
math,421,37de3be23a007346c4231a7e1afbdc315b289dfee16b5f373f6612acfd9f8570,16,13.0,0.8125
math,422,1e0fe236d742fda2937637cbaefbfcf97ad4126f19a0238516a4d72510968d0a,16,0.0,0.0
math,423,cf810748fd916f964bc29b88f2d8b3399ac7c941fdd93a96b4b516b013869b08,16,16.0,1.0
math,424,6d9391debb9212e17a4675a15c390f48645ca065780e010e0c01dd5beb893149,16,16.0,1.0
math,425,da955bdb4473f3b848e3b166a8c31cd4100fe0e8f36aa27494c749197d09c9a8,16,0.0,0.0
math,426,791d1b39753a00dcb93f4217696d49a2f9f27e5d38d0ea3360a587fcb2dce4ae,16,16.0,1.0
math,427,8971c24aa476b15712307618bc788ac9a65e8a77d62b9803f351b402c6033ada,16,16.0,1.0
math,428,43f6abb91ba7d648065afb991c2106f334c6adb1dbeaa90a33f5ca25ab07433a,16,14.0,0.875
math,429,e1cd048a6cede5386bf929cb849bcf62fefbc5ac6cf7a00a6b8301d87e02ce74,16,15.0,0.9375
math,430,4d1b05a35517b83d68879cd927da0d710b610246f088b6e5293ceeb100dc79ca,16,16.0,1.0
math,431,f84c98eb8178b288ea169ee43760c73eca19fe3d48c0e757485b7fb730a1273a,16,11.0,0.6875
math,432,b67dcf5f03c114f02797e6618aa2f7f85f5f9386546d2a27924e54eb994350e6,16,13.0,0.8125
math,433,5bab0bf28070551470b3f0bb24100b8958999ec9b278914105c900344f8abbe6,16,16.0,1.0
math,434,3c0c413ea1397482e7ebfdc148ec7ffafe9e012d8f4fd1a3d446d3b420bcf939,16,16.0,1.0
math,435,2de38fb4cb9c92fd2c96e21b1b398adb708865278c8e5eea99eeed93b9b14aec,16,16.0,1.0
math,436,bd6163f247fd76b2bb4dce0a0e495ae183971738d2d0857bc3951c76907d0249,16,14.0,0.875
math,437,0837162c1c5d28cfbeeb97d993d84332220b7c92b0e3b2dba00f2d4ae5c88b7e,16,14.0,0.875
math,438,f61c519073d705055e2a9438f29e3ce83b9bf9afffd9e0b2cbfa4eec3822ed31,16,16.0,1.0
math,439,68976297f270468539fb69bf18d40a6817bbda6002f12093b78c510abd5dbc3d,16,16.0,1.0
math,440,860f3e42c66587cf650c042bcf36eaad3438f40ecc05cb620f4d3611db4ed28f,16,16.0,1.0
math,441,d9b34a84cbb50e8df1f6dcdb32698802619ae2784e51a2d30f791eb6e616bac7,16,16.0,1.0
math,442,9d95255245ada6968422c514816639039a36679442504f434dedd224dde8d492,16,16.0,1.0
math,443,498d1fca5b600294c832b01601fafab3e89145cc93703f260e3ab017eaf984ce,16,16.0,1.0
math,444,79c5451c5a46c0aaf91d05451adef7dedd02100b8b75b56a63f225b508682b19,16,2.0,0.125
math,445,c3d0b37a5ab4dd74db505da2f51eafd1540c9b9ed5e8d4deb0274cacefce9616,16,10.0,0.625
math,446,c8316f1cb60158b9832fd74ee8acb129bb29f9a049907958530a31b3b2e91edf,16,16.0,1.0
math,447,b49d2ad32ce402413b9401c625913140a0ac2e609be6d4fc30c0cd4de27a1b18,16,16.0,1.0
math,448,402d32eec091e80d09f46e76682ca593affa50cdd723f54a312abef89d43893c,16,12.0,0.75
math,449,f6867dd2916f5691542919378c32b83d5e6349e1518d4a48f22d01fd2db8b31c,16,16.0,1.0
math,450,6232faf336af3062ff3cddda99012353d27dbc6a3979fc1919f5405b0fbb6daa,16,15.0,0.9375
math,451,38d45bdc7369d4bd9441550f3da810d67411795765ca984120b71b3699ec8e0d,16,16.0,1.0
math,452,c47abe51f8fec51959c166571846e9dc92341e6dec5aea192afbf5d9fc81aff2,16,16.0,1.0
math,453,75de5c86e943857854652f7b1144e672cc12d6fdabc5759be295f3bc31b2f295,16,16.0,1.0
math,454,5c7b62a6ac9ea2e784b19f3773102059e9b7ce4daa880e858d4c2b9bdfbf54f2,16,16.0,1.0
math,455,5756a9507c2c954e221c91eb7aae216d49547419f6a6e489acd64b37d5099510,16,16.0,1.0
math,456,64132043defe105665226410450fc2a1a2ab48ffa3c3abc25bd65269c43a37e0,16,3.0,0.1875
math,457,824f2cf68cd33604b02015f7583ae74154c75cb387bde0756033be32d74045b1,16,16.0,1.0
math,458,d83b1798f1fbd70130ee78681b0ee44c44a42dfcece407e4b183a022d5791e2f,16,16.0,1.0
math,459,4371c13ce44d959fef0d48b0444eec178935558f5060a5ce4b99b47c3d885a08,16,16.0,1.0
math,460,47c99c5084602586e93778357a3665211bca63f6a355f5b61deefd614ad8ceee,16,0.0,0.0
math,461,71025b4ae578091471d50f5f9ef5444ca9b89e146540bb10b7dc9b2c64feb97f,16,15.0,0.9375
math,462,202923f70607905a6ec7d17912a1c3f5f3601d46e858ec3c393395d6dcc24f5e,16,14.0,0.875
math,463,81685941ca1954adb51cdb86ccd317cc2a079ea17b30d76ba818f41340d287af,16,16.0,1.0
math,464,02417923a66d5efe97dba83f47775551a4a0a3cfb8c6d4966fcb1090a166309d,16,16.0,1.0
math,465,356ce23231d74bfc07d801c0ff2442fffcf408c7c606223a9702a623f4ee879c,16,16.0,1.0
math,466,672c3cb7c42d0effc37bd22d56abbe8745dcd2cac9912fb1d1ab1d039a007279,16,7.0,0.4375
math,467,d9845b9ed9d75dd40c1548d673d9a5ecc21788af0ec544582ab805da8df4322a,16,0.0,0.0
math,468,26a61f23e4474f58454b7e833fa9a45e368b529a8940f39b58536740ce298af0,16,11.0,0.6875
math,469,5e9716c6ea6851d2d27c894971e9dffee5f4bf0fdf3af520d797ef6dc2a0faef,16,16.0,1.0
math,470,6bc04ea278914f21dc3cc5c53f8e91caeb285ede21e5433d2cc86cb68df84d4a,16,8.0,0.5
math,471,f7c6cde497d297eb532bde3dface115dfd56a37dc82dc2696bae94f6aa08ab73,16,16.0,1.0
math,472,17d1494ecc0112c2cd67ea9f8d37c8d59b2d910cd430c17b4b3525bb26ce80d8,16,16.0,1.0
math,473,5c8959b9f9c1fea87e323454162370105fd313908c06a446f7cba825facfca7e,16,12.0,0.75
math,474,e7cde0979bb282ddaeb44e72821fd6d3dabadf544479086e3326b8fe65277e26,16,16.0,1.0
math,475,82131c27d25bbc652a2be26d3c2338749e5f85614858ec93e12f9a156862789c,16,7.0,0.4375
math,476,c131c37291be5694cc01368d33bdd63e5b95fce867b1cc9365332c2a3146b055,16,8.0,0.5
math,477,7c919a868c789eeed9990595cc6c92ec24bb720a6a41e2af30ad8d8aba9e26be,16,13.0,0.8125
math,478,4155344fed7a76214a9253742ac013dc796de31870eeeeeb66d629de8440a432,16,1.0,0.0625
math,479,45be332a68cbb7bcdb70bf6791630816191692e758f5c42172f41e73d44a8f5b,16,15.0,0.9375
math,480,a31b0e2dd56b19a8526ce90127a79929959949c8cd3ea505b2836c3f290d861a,16,16.0,1.0
math,481,3ddebe2df9fd4c5094d82f2f7f6586b513e2d7b590a0491446431a8bacfa7458,16,0.0,0.0
math,482,ea0909c18df8ccc3f7607b418022bc9ad14ff52b9e7c5c84511919773abbb5cf,16,8.0,0.5
math,483,c52d14bb2c8e7abbd9cad8eb787ab9713145eb99f2a1467f011f29b64be38d8b,16,12.0,0.75
math,484,8f11ea2b762b86d83221634a38112016e5bfd0890bdf26a1805df93928ba4654,16,16.0,1.0
math,485,b04e3f7566fc5228aa80aa69f4f75ab802279f9a996bcf8639f852de102bb62b,16,13.0,0.8125
math,486,0528beefe6a3107c83a1c06f79cde049b974fa23a80829a0fac241a79d153c79,16,12.0,0.75
math,487,916563680b7415f67fa8667b3a141040067c1ae0351877c6cd241966b2052ebe,16,16.0,1.0
math,488,0ec16f91cab669d38ed5e5589e8db9e15c4ab272c28c5993def8a0ce83166a23,16,16.0,1.0
math,489,a93bc2543625379027458bebcd6ec35917386ee9abc5d7b71c0436ca7857651d,16,15.0,0.9375
math,490,e809093f7731bb1195ca26d025b48691c950ffa7816d2573c69d9e7b26406dff,16,7.0,0.4375
math,491,0946ee04307177ba9c3367f68cb662218821bdfe83a3993f37a6fd9fc3443e7b,16,8.0,0.5
math,492,210c796e712142654557ad37c1e8b5fcba2b5d83336b44ffb5f0b7ee8ea37abe,16,16.0,1.0
math,493,b85b4424927d72f8735385b6404aa8dcd44635f1986d9a3756f3234244edd031,16,16.0,1.0
math,494,1f7662c661a167a70c8881d5c892a82aa78d77967aba7282bd378d85e2c3a7c1,16,6.0,0.375
math,495,0416e4b99a998c4fbc40f05390acb371cda9d2e68cf92b61d70938cef95452be,16,15.0,0.9375
math,496,da417fa1e39fd61f80d985c35c4bea909fdf3b78a00e97eba62269eee3bc28dc,16,15.0,0.9375
math,497,b69d12759c88471438bc45976ce6a579c84e789976a6be804cb6fa53401c5aee,16,2.0,0.125
math,498,170ac8fa8446cf844f1103ed0bc0ef6e12e2a5a1ea63243181c886bdd2643120,16,6.0,0.375
math,499,86317e49a21f308b3664a46243f8e4aaf3f7941aedbc3e48ea40dd463ab3fcc6,16,16.0,1.0
aime24,0,27d2eef92f6281427ca6cb136467581f8cbeff5ad99c3dd89a0bf2d13d68abe7,16,15.0,0.9375
aime24,1,6e89cfa7b5f48883fb469fc6dfde5c3003302e0141e0993a146af5cf2686dcc2,16,0.0,0.0
aime24,2,ebeb94b46292681e25dbfaee168da2a5ef71632ccf54a2c0a82eb0ff0cd7e6d8,16,0.0,0.0
aime24,3,d3116155b716837278a2ac41ba7ae3d8ef9e8881090780ca88e6ae01236772e1,16,0.0,0.0
aime24,4,47e26b5b17b77c474fe2cabadb186af76d97a625ae2b9190996ee68bf31df617,16,0.0,0.0
aime24,5,51f47a649ccbab4d935dedb4918faa61d74afe792f4d2bb9bd882c0b551ce634,16,0.0,0.0
aime24,6,25ca8602b3de55c2b91cb99372a37a7c9ad81e724905522813ffe1c3c24d9b9f,16,9.0,0.5625
aime24,7,2b4d90e76f3bcb130a2fa79eaa3f920e267d8c768fc6a23d41ecbdcf0ffc684d,16,0.0,0.0
aime24,8,fcef90cb193fa708caa11c86448232a80a45fd114a94ad7429b2ac79d69b774d,16,0.0,0.0
aime24,9,1d131431cade2437ae7a5e3c1cea3208720725257b39cef85fda57d0bfecfaec,16,16.0,1.0
aime24,10,797a945230fba21a687aa0146798b133d14ed55076b586312b56fe85867835cd,16,1.0,0.0625
aime24,11,9d9f595ae5fe66ae20dbe058fa1dd4a7497f3906feaf662feba8caadc4f57557,16,9.0,0.5625
aime24,12,81597e78ce50a0438b0327599c4dc408959c64330d641cc0c067f2a3d9f9b783,16,14.0,0.875
aime24,13,41c50a86cc8d5a39a18d1c8ce56c142fb4a7cba7af8a9822272a6977e895544e,16,0.0,0.0
aime24,14,d0e4fd607622b24fbf40a3b612929e654ac90ddf334ea176fe9105351bcbeaba,16,0.0,0.0
aime24,15,c2186ab48e57e013bba5d6954d5e2f7666d0f0f658730532d7880a9681504575,16,0.0,0.0
aime24,16,dd4c2569f9db254da28cce1728a6f31b109961c4c0ce4cb5b58e9b54a5c91587,16,1.0,0.0625
aime24,17,97b6afd3071cc5139dca8a6f77fb953d1f702b535be762baee643d6c93afddb6,16,0.0,0.0
aime24,18,613dda0ce191559307f8d570a4bd633ea8be5e7bf351f7e19e142c0f3fe2db9c,16,0.0,0.0
aime24,19,52d1024b63756a9106f586ca9092448d4a76241b7242d948496af48da85560f3,16,1.0,0.0625
aime24,20,cee14452b94970aa2b032d6c17d6f212e6b7f7ecdefaab71578e02e471c2192f,16,0.0,0.0
aime24,21,da55d2071589e122fe18e19c3899aa4831d7599ee26b1a2b5554c866de7c206d,16,0.0,0.0
aime24,22,ddee1c2de976c91db8f59c79fc36d47c6f5cbaf38500b80b41a8d781b10d269c,16,0.0,0.0
aime24,23,2c0427d13968c7947d824ac6d6b55ecb121656504921afed2afeeb5dbaac5304,16,0.0,0.0
aime24,24,9db828c43ce97ae8d632069b492b44c83e3ed9c1dd9393b6bc86caedbe75a1b7,16,0.0,0.0
aime24,25,d81db879c0e56e343fe9e592bb8a6a4d4208868920d192c2c2f26f02bea45f1c,16,0.0,0.0
aime24,26,834b8d7e9d6f4c42c8dfc8a08ee2fa7b216bef57e1ec988d128812adf5b8a937,16,0.0,0.0
aime24,27,95bb2ad254752801c9e26fb98bed8d3b5f67c8d9d4fe4dabeddf5330989e1fb2,16,0.0,0.0
aime24,28,ee04b11b5764bed511a86b28ed63b221069222a0b3be534b9cc34db644b83c4c,16,0.0,0.0
aime24,29,6414d9ff8c7f27c6d2b3dc8a48704cdd0f2fe9e4e5b513e3976cc75b845950f1,16,0.0,0.0
aime25,0,23772a3b03c1ee3162edccc9de73c8c6deba64ea53aab25dfb5cf363029f4ef7,16,16.0,1.0
aime25,1,40a4cd6e66c2897567d8d8ee76a8bfc1caad2f33c792732cb7f9dab532020ca4,16,0.0,0.0
aime25,2,1a8eed5381a03b6a329c9102cbc768ab7ee501fde805943a1e414988f8d8be1f,16,15.0,0.9375
aime25,3,539b04df527d8209a7e44d4eb59ffebd6ea477a0aee4b27de51ebbc7a6048339,16,4.0,0.25
aime25,4,ac034ee1dba2c767ca4ccbb10daeda6beb01f518732ba8274dd61b05a9cc8bf6,16,2.0,0.125
aime25,5,bcc63a95721f249103d342c34fc2a5b4d67bfc678a6f6b7b35ddb1b18c10260c,16,11.0,0.6875
aime25,6,ab79f29de92b53fdb27c4c8218edc0e7c126d6fbab6ab9547c1b096f7aaa6e03,16,0.0,0.0
aime25,7,968ad86eb2b6047b09d8cd9b2294e68ddeb496a0853b44a9724877556cb4fbd5,16,2.0,0.125
aime25,8,de6b0bc3aedad12da15280b9166b5247bce622911a721ef1e0068a960647e51c,16,1.0,0.0625
aime25,9,54fb46b9972bc45ac25aa7e9fc1b51db60c78c0925536e103dc356d77ef8509d,16,1.0,0.0625
aime25,10,ee1bffd76f5d7360075a2ca812511d730ca100f9984ca09f8a1079bb1a5b92bb,16,0.0,0.0
aime25,11,0d4b04d78fd10ec982d253f1dd24d6d6f5134d6ebf5c27275003789c7654fee5,16,0.0,0.0
aime25,12,d8f78f3e7b3d022a816347a7dc0eed81fae3e6af3b2546d6099ca2dc95ffe5b4,16,0.0,0.0
aime25,13,7e9086244266c9426b32d69e2f38649a8b392c2e839cf933865bf7ee8a4e5c94,16,0.0,0.0
aime25,14,fa400dccb9193b54ef4da678dad0e9e0fd1aad50d03432f8a0de4af83a2839ee,16,0.0,0.0
aime25,15,5e51e42f37e100bf502f362231fa237c746dd2d9008e5dc03e5bd8796769fddc,16,13.0,0.8125
aime25,16,6db246d8b47b3a10ae667ed72ba7e81421bf89c00c21893c3f0f94aa69e59a4f,16,11.0,0.6875
aime25,17,09179cd9ed21d546d8cedd47ba591b6039ae6a71e1e0a3b141791eeb1c65862e,16,0.0,0.0
aime25,18,54790082809e8cc830572f03d06895425ccdbbac831652b818cf9d49edfcabf5,16,2.0,0.125
aime25,19,8a013e0be3472ec0270fe42ae591cb5bc55522e7589d34a158c792b2b4395f1d,16,0.0,0.0
aime25,20,1a5da9be6ec573a9c3582849c05d05434ac81c514b79820cef9c1defff919e24,16,9.0,0.5625
aime25,21,105aaf0e53c72a0568ff050a386106464be0cd64d1f5f56af6d117819c891978,16,0.0,0.0
aime25,22,49d17eb5aed85a3bc0200d9edb331062cf6c31464fe073975ceabdacc6ceb82c,16,0.0,0.0
aime25,23,1a1896ac1a3131e7be454a962f63d9081381e632e410ec3b9b4154de45537dd6,16,0.0,0.0
aime25,24,3824a4c99b154a0d8003855b9813025d0f11725c6723684bb5eec3bbceee7d01,16,0.0,0.0
aime25,25,548326b3efd3c93e2a4e0793d9920d256b7d7a8f7e336766a37d5dbfa2682ae1,16,0.0,0.0
aime25,26,4e26e7e2881254c7d06402621cdc0e5b7b9c295ffd2c3e06a2bc01a41b6da433,16,0.0,0.0
aime25,27,5eac92575c6214294402eacba1d25404bbaa4e16780fe403a8acb5fd84b83646,16,0.0,0.0
aime25,28,a90c0475986c82adf200a2a2963ec6d9827d934519cc70a5ad3783888b8ed93a,16,0.0,0.0
aime25,29,5d7c80f44ccee2d94aa50102bc64e6f551553cd3fd7ef68ccf04187e69e8f442,16,0.0,0.0
